<?xml version="1.0" encoding="UTF-8"?>
<project-private xmlns="http://www.netbeans.org/ns/project-private/1">
    <editor-bookmarks xmlns="http://www.netbeans.org/ns/editor-bookmarks/2" lastBookmarkId="0"/>
    <open-files xmlns="http://www.netbeans.org/ns/projectui-open-files/2">
        <group>
            <file>file:/C:/xampp/htdocs/EleventhClass/Delivery_city.php</file>
            <file>file:/C:/xampp/htdocs/EleventhClass/config.php</file>
            <file>file:/C:/xampp/htdocs/EleventhClass/delete1.php</file>
            <file>file:/C:/xampp/htdocs/EleventhClass/index.php</file>
            <file>file:/C:/xampp/htdocs/EleventhClass/InputDelivery.php</file>
            <file>file:/C:/xampp/htdocs/EleventhClass/input_city.php</file>
            <file>file:/C:/xampp/htdocs/EleventhClass/update1.php</file>
            <file>file:/C:/xampp/htdocs/EleventhClass/delete.php</file>
            <file>file:/C:/xampp/htdocs/EleventhClass/backup.php</file>
            <file>file:/C:/xampp/htdocs/EleventhClass/update.php</file>
        </group>
    </open-files>
</project-private>
